id;nom_complet;emplois;contactformateur
1;Clothing Home pixel;client-driven Berkshire;bandwidth New Hampshire
2;Customizable Savings Account;Small;interfaces driver invoice
3;Auto Loan Account Bedfordshire;local area network;Buckinghamshire withdrawal
4;Cambridgeshire Isle of Man;Money Market Account;deposit
5;synthesize;Soft Automated Internal;deposit Configuration
6;Supervisor Myanmar archive;standardization River;Electronics
7;parsing Russian Ruble National;orchid neural Convertible Marks;Digitized
8;Ergonomic;Intelligent Investor Riel;Officer hierarchy green
9;Human foreground;multi-state;Tuna Coves Identity
10;SDD syndicate Texas;reinvent protocol Tanzanian Shilling;synergies Operations
