id;annees_installation;date_intallation;lieu_installation
1;enable Vista;2020-08-22;lavender Plastic
2;Tugrik withdrawal Cheese;2020-08-22;azure Netherlands Antilles Cambridgeshire
3;Ergonomic USB;2020-08-22;markets
4;Indian Rupee Ngultrum TCP;2020-08-22;Table
5;COM;2020-08-22;Agent Soap structure
6;Credit Card Account;2020-08-22;Wooden generate Denmark
7;Computer;2020-08-22;Open-architected
8;Gloves violet;2020-08-21;array New Leu auxiliary
9;reinvent Generic Frozen Shirt Direct;2020-08-22;calculate
10;North Dakota;2020-08-22;quantify
