id;nom_pers;prenom_pers;tel_pers;email_pers
1;online Creek;Generic Plastic Bacon focus group Maryland;Credit Card Account deposit;TCP Product Auto Loan Account
2;SCSI Jewelery index;cross-platform Buckinghamshire;Web International;Organic withdrawal
3;Isle;partnerships Gorgeous;Investment Account;Rial Omani
4;SQL;interfaces Soap Money Market Account;invoice;Executive
5;array Green;Buckinghamshire revolutionary De-engineered;Money Market Account Avon quantify;JSON utilize
6;Bacon;Hryvnia calculating innovate;navigating Prairie Investment Account;Quality
7;PCI;Tennessee Enterprise-wide;Bouvet Island (Bouvetoya) bluetooth Solomon Islands Dollar;Avon
8;California Burundi invoice;hacking card Synergized;Architect Fields;calculating
9;zero administration Digitized system-worthy;Supervisor mobile Fantastic;strategize;Awesome Concrete Chips
10;Guyana Dollar Dale optical;Bacon Checking Account;invoice Tugrik Inlet;Somali Shilling
